tno,pid,whatHappen,keyFacts,stance,whyImportance,data
4588,202409260269,2024年9月25日，共軍向太平洋公海海域發射一枚攜載訓練模擬彈頭的洲際彈道飛彈。中國國防部發言人張曉剛於9月26日表示，這是例行性軍事活動，並不針對任何特定國家或目標。中國國防部強調，發射前已通報有關國家並發布禁航區公告。此次發射是中國時隔44年再次進行的洲際彈道飛彈海上發射，旨在檢驗武器裝備性能和部隊訓練水平。張曉剛重申，中國的核政策具有高度穩定性和可預測性，並堅持不首先使用核武器的原則。,"1. 2024年9月25日，共軍向太平洋公海海域發射1枚攜載訓練模擬彈頭的洲際彈道飛彈，這是中國時隔44年往海上發射ICBM。

2. 2024年9月26日，中國國防部發言人張曉剛在例行記者會上宣稱，這次發射是例行性軍事活動，不針對任何特定國家與目標，並強調中方發布公告明確禁航區與禁航時間，通過軍事外交管道向有關國家通報。

3. 中國國防部於2024年9月25日宣布，當天8時44分，共軍火箭軍向太平洋相關公海海域成功發射1發攜載訓練模擬彈頭的洲際彈道導彈，準確落入預定海域，並稱這是火箭軍年度軍事訓練例行性安排。

4. 2024年9月26日，中國媒體公布了9月25日飛彈發射升空的現場圖片，但仍未對飛彈的型號與相關訊息進一步說明。

5. 張曉剛在記者會上表示，中方組織洲際彈道飛彈發射實驗是為了檢驗武器裝備性能和部隊訓練水平，是例行性軍事訓練活動，並強調中國的核政策具有高度的穩定性、延續性和可預測性。","1. 中國國防部發言人張曉剛：
張曉剛表示，這次發射是例行性軍事活動，不針對任何特定國家與目標。他強調，中方發布公告明確禁航區與禁航時間，並通過軍事外交管道向有關國家通報，這充分表明中國軍隊的「開放與透明」。

2. 中國國防部：
中國國防部宣布，9月25日8時44分，共軍火箭軍向太平洋相關公海海域，成功發射1發攜載訓練模擬彈頭的洲際彈道導彈，準確落入預定海域，這是火箭軍年度軍事訓練例行性安排，中方提前向有關國家作了通報。

3. 中國媒體：
中國媒體公布了飛彈發射升空的現場圖片，但未對飛彈的型號與相關訊息進一步說明。",中國國防部於2024年9月25日宣布，共軍向太平洋公海海域發射了一枚攜載訓練模擬彈頭的洲際彈道飛彈（ICBM），這是中國時隔44年再次進行此類發射。中國國防部發言人張曉剛強調，這是例行性軍事活動，並不針對任何特定國家或目標。儘管中國方面未公布飛彈的具體型號和技術細節，但已通過軍事外交管道向有關國家通報，並發布禁航區和禁航時間。此舉對台灣及國際社會具有重要影響，顯示中國軍事力量的現代化進程和戰略透明度，並可能引發周邊國家對區域安全局勢的關注。,"證據資料：

1. 共軍向太平洋公海海域發射1枚攜載訓練模擬彈頭的洲際彈道飛彈。
   - 資料來源：中國國防部

2. 中國國防部發言人張曉剛宣稱，這是例行性軍事活動，行動不針對任何特定國家與目標。
   - 資料來源：中國國防部發言人張曉剛

3. 中國國防部公布，共軍向太平洋公海海域成功發射1枚攜載訓練模擬彈頭的洲際彈道飛彈（ICBM），這是中國時隔44年往海上發射ICBM。
   - 資料來源：中國國防部

4. 中國方面至今並未公布飛彈的型號，以及具體的射程、射高、射向、軌跡與落點經緯度。
   - 資料來源：中國國防部

5. 中國媒體公布了飛彈發射升空的現場圖片，但仍未對飛彈的型號與相關訊息進一步說明。
   - 資料來源：中國媒體

6. 中方發布公告明確禁航區與禁航時間，並通過軍事外交管道向有關國家通報。
   - 資料來源：中國國防部發言人張曉剛

7. 中方組織洲際彈道飛彈發射實驗，是為了檢驗武器裝備性能和部隊訓練水平，是例行性軍事訓練活動。
   - 資料來源：中國國防部發言人張曉剛

8. 中國的核政策具有高度的穩定性、延續性和可預測性。
   - 資料來源：中國國防部發言人張曉剛

9. 中方始終恪守不首先使用核武器的核政策，堅定奉行自衛防禦核戰略，不搞軍備競賽，明確承諾不對無核武器國家和無核武器地區使用或威脅使用核武器，堅持將自身核力量維持在「國家安全需要的最低水平」。
   - 資料來源：中國國防部發言人張曉剛

10. 9月25日8時44分，共軍火箭軍向太平洋相關公海海域，成功發射1發攜載訓練模擬彈頭的洲際彈道導彈，準確落入預定海域，並稱這是火箭軍年度軍事訓練例行性安排，中方「提前向有關國家作了通報」。
    - 資料來源：中國國防部"
4588,202409260244,中國於2024年9月25日首次在40多年來朝太平洋方向試射洲際彈道飛彈，該飛彈落在法屬玻里尼西亞專屬經濟區附近的太平洋海域。此舉引發區域各國同聲抗議，包括日本、台灣、澳洲和紐西蘭。法屬玻里尼西亞總督布羅瑟森表示，飛彈落在距馬貴斯群島不遠處。法屬玻里尼西亞高級專員公署指出，中國當局事前已通知法方，並表示法方將待時機成熟時表明立場。,"1. 2024年9月25日，中國宣布試射洲際彈道飛彈，飛彈落在法屬玻里尼西亞專屬經濟區附近的太平洋海域。

2. 北京40多年來首次朝太平洋方向試射洲際飛彈，引發區域各國同聲抗議，包括日本、台灣、澳洲和紐西蘭。

3. 法屬玻里尼西亞總督布羅瑟森表示，飛彈落在距馬貴斯群島不遠處，該群島屬於法屬玻里尼西亞專屬經濟區。

4. 法屬玻里尼西亞高級專員公署聲明指出，中國當局事前已通知法方此次試射，法方將待時機成熟時表明立場。","法屬玻里尼西亞總督布羅瑟森表示，這枚飛彈落在距馬貴斯群島不遠處。

法屬玻里尼西亞高級專員公署聲明指出，中國當局事前已就此次試射通知法方，並表示法方將待時機成熟時表明立場。

日本表示未事先接獲通知，對此表示抗議。

台灣表達「嚴正譴責」，對中國的試射行為表示強烈不滿。

澳洲尋求中方「解釋」，希望了解此次試射的詳細情況。

紐西蘭表示這是「不受歡迎且令人不安的事態發展」，對此表示關切。",中國於2024年9月25日朝太平洋試射洲際彈道飛彈，落在法屬玻里尼西亞專屬經濟區附近海域。這是北京40多年來首次朝太平洋方向試射洲際飛彈，並引發區域各國強烈反應。日本未事先接獲通知，台灣嚴正譴責，澳洲尋求解釋，紐西蘭表示不安。法屬玻里尼西亞總督布羅瑟森確認飛彈落在馬貴斯群島附近，法方事前已接獲通知，並將待時機成熟時表明立場。此事件顯示中國軍事行動對區域安全的潛在威脅，並可能加劇亞太地區的緊張局勢。,"1. 中國朝太平洋試射的洲際彈道飛彈落在其專屬經濟區附近的太平洋海域。
   - 證據來源：法屬玻里尼西亞

2. 北京40多年來首次朝太平洋方向試射洲際飛彈。
   - 證據來源：法新社

3. 中國昨天（2024年09月25日）宣布這項試射，表示該枚飛彈搭載模擬彈頭。
   - 證據來源：法新社

4. 日本表示未事先接獲通知。
   - 證據來源：法新社

5. 台灣表達「嚴正譴責」。
   - 證據來源：法新社

6. 澳洲尋求中方「解釋」。
   - 證據來源：法新社

7. 紐西蘭表示這是「不受歡迎且令人不安的事態發展」。
   - 證據來源：法新社

8. 法屬玻里尼西亞總督布羅瑟森（Moetai Brotherson）稍早告訴法新社，「這枚飛彈落在距馬貴斯群島（ Marquesas Islands）不遠處」。
   - 證據來源：法新社

9. 法屬玻里尼西亞高級專員公署在聲明中說：「中國當局事前已就此次試射通知法方。」
   - 證據來源：法屬玻里尼西亞高級專員公署"
4588,202409260193,總統府今天（2024年09月26日）嚴正譴責中國人民解放軍火箭軍於昨天（2024年09月25日）在太平洋公海海域試射洲際彈道飛彈，認為此舉意圖破壞區域和平穩定。總統府發言人郭雅慧表示，中國近來頻繁進行軍事演習，威脅區域和平，呼籲中國應自制並回到國際常軌。她強調，維護印太區域和平穩定是國際共識，台灣將與全球民主陣營共同維持區域和平穩定。,"1. 2024年9月25日，共軍在太平洋公海海域試射洲際彈道飛彈，該飛彈攜載訓練模擬彈頭，並成功落入太平洋。

2. 2024年9月26日，總統府嚴正譴責中國人民解放軍的試射行為，認為此舉意圖破壞區域和平穩定，並呼籲中國應自制，回到國際常軌。

3. 總統府發言人郭雅慧表示，中國近來不斷進行各種軍事演習，威脅區域和平現狀，並強調維護印太區域和平穩定是國際共識。

4. 郭雅慧提到，無論是在「四方安全對話」（Quad）或是7大工業國（G7）外長於聯合國大會場邊會晤，皆重申印太區域和平穩定的重要性。

5. 台灣作為區域內負責任的一員，將持續與全球民主陣營合作，共同維持台海及區域和平穩定的現狀。","總統府發言人郭雅慧表示，對中國人民解放軍此一行為表達嚴正譴責，中國近來不斷在區域間進行各種軍事演習，威脅區域的和平現狀，呼籲中國應自制回到國際常軌，成為區域中負責任的一員，捍衛以規則為基礎的國際秩序。

郭雅慧說，維護印太區域和平穩定是國際共識，無論是在日前舉辦的「四方安全對話」（Quad），或是7大工業國（G7）外長於聯合國大會場邊會晤，皆一再重申印太區域和平穩定是全球安全與繁榮不可或缺的要素。

郭雅慧表示，台灣身為區域內負責任的一員，會持續與全球民主陣營站在一起，共同維持台海及區域和平穩定的現狀。",中國人民解放軍火箭軍於2024年9月25日試射洲際彈道飛彈，落入太平洋公海海域。此舉引發台灣總統府嚴正譴責，認為此行為破壞區域和平穩定，並呼籲中國應自制，回到國際常軌。總統府發言人郭雅慧強調，維護印太區域和平穩定是國際共識，並指出台灣將與全球民主陣營共同維持區域和平。此事件對台灣及國際社會具有重大影響，因為它不僅威脅區域安全，也挑戰了以規則為基礎的國際秩序。,"1. 中國人民解放軍火箭軍於2024年09月25日上午8時44分向太平洋相關公海海域成功發射1枚攜載訓練模擬彈頭的洲際彈道飛彈，落入太平洋。（來源：新華社報導）

2. 總統府發言人郭雅慧表示，中國近來不斷在區域間進行各種軍事演習，威脅區域的和平現狀。（來源：總統府發言人郭雅慧）

3. 郭雅慧提到，維護印太區域和平穩定是國際共識，無論是在日前舉辦的「四方安全對話」（Quad），或是7大工業國（G7）外長於聯合國大會場邊會晤，皆一再重申印太區域和平穩定是全球安全與繁榮不可或缺的要素。（來源：總統府發言人郭雅慧）"
4588,202409260185,中國國防部於9月25日成功發射一枚攜載訓練模擬彈頭的洲際彈道飛彈，落入太平洋公海預定海域。外交部於9月26日譴責此舉威脅區域和平，並呼籲中國停止破壞區域穩定的行為。外交部強調，印太區域多國已對中國的不負責任行徑表達關切，台灣將與理念相近國家合作，遏止威權主義擴張，維護區域和平與穩定。,"1. 2024年9月25日，中國解放軍火箭軍於8時44分向太平洋公海海域成功發射1發攜載訓練模擬彈頭的洲際彈道飛彈，準確落入預定海域。

2. 2024年9月26日，外交部譴責中國解放軍的飛彈發射行為，認為此舉威脅區域和平現狀，並指出印太區域內國家已對中國的不負責任行徑表達關切。

3. 中國國防部表示，這次飛彈發射是年度軍事訓練例行性安排，符合國際法和國際慣例，並不針對任何特定國家和目標。

4. 外交部呼籲中國理性自制，停止一切破壞區域和平穩定、升高區域緊張局勢的行為，以符合區域各國的利益和期待。

5. 外交部強調，台灣將持續與理念相近國家共同合作，遏止威權主義的擴張，維護印太區域的和平、穩定與繁榮。","中國國防部表示，這次飛彈發射是年度軍事訓練例行性安排，符合國際法和國際慣例，不針對任何特定國家和目標。

外交部譴責共軍威脅區域和平現狀的行為，並指出印太區域內國家已對中國上述不負責任行徑表達關切。外交部呼籲中國理性自制，停止一切破壞區域和平穩定、升高區域緊張局勢的作為，才能符合區域各國的利益和期待。外交部強調，台灣將持續與理念相近國家共同合作，遏止威權主義的擴張，共同維護印太區域的和平、穩定與繁榮。",中國國防部於9月25日成功發射一枚攜載訓練模擬彈頭的洲際彈道飛彈，引發區域內國家的關切。台灣外交部於9月26日譴責此舉威脅區域和平，並呼籲中國停止破壞區域穩定的行為。此事件對台灣及印太區域的安全與穩定構成潛在威脅，可能加劇區域緊張局勢，影響國際間的和平與合作。台灣將與理念相近國家合作，共同遏止威權主義的擴張，維護區域和平與繁榮。,"1. 中國國防部發布，共軍25日向太平洋公海海域成功發射1發攜載訓練模擬彈頭的洲際彈道飛彈。
2. 根據中國國防部官方網站訊息，9月25日8時44分，解放軍火箭軍向太平洋相關公海海域，成功發射1發攜載訓練模擬彈頭的洲際彈道導彈（飛彈），準確落入預定海域。
3. 中國國防部表示，這次飛彈發射，是年度軍事訓練例行性安排，符合國際法和國際慣例，不針對任何特定國家和目標。
4. 外交部今天（2024年09月26日）譴責共軍威脅區域和平現狀的行為，並指出，印太區域內國家已對中國上述不負責任行徑表達關切。
5. 外交部上午發布新聞稿指出，中國在全球共同關切並致力區域安全穩定的同時，仍持續於區域間進行各種威脅和平現狀的軍事行為，外交部表達嚴正譴責。
6. 外交部並呼籲中國理性自制，停止一切破壞區域和平穩定、升高區域緊張局勢等作為，才能符合區域各國的利益和期待。
7. 外交部說，印太區域多個國家已對中國上述不負責任行徑表達關切，台灣也將持續與理念相近國家共同合作，遏止威權主義的擴張，共同維護印太區域的和平、穩定與繁榮。"
4588,202409260177,中共解放軍於25日向太平洋公海海域發射洲際彈道飛彈，聲稱這是軍事訓練例行性安排。專家揭仲指出，該飛彈射程可達幾千公里，主要嚇阻對象為美國。中國國防部表示，這次試射是年度例行訓練，符合國際法和慣例。台灣國防部表示，國軍已嚴密掌握共軍近期演訓活動。美國五角大廈發言人辛赫確認事前收到通知，認為這有助於防止誤解或誤判。這是中國44年來首次公開進行洲際彈道飛彈試射，引發美國、日本等國高度關注。,"1. 2023年7月25日，中共解放軍向太平洋公海海域發射洲際彈道飛彈，這次試射是年度例行訓練，符合國際法和慣例，非針對特定國家或目標。

2. 中華戰略前瞻協會研究員兼秘書長揭仲表示，洲際彈道飛彈射程可達幾千公里，主要用於戰略性嚇阻，主要嚇阻對象是美國。

3. 中國國防部聲明指出，解放軍火箭軍在25日上午8時44分成功發射1發攜載訓練模擬彈頭的洲際彈道飛彈，準確落入預定海域。

4. 台灣國防部表示，掌握共軍近期密集執行飛彈射擊等演訓活動，國軍運用聯合情監偵手段嚴密掌握，檢派任務機、艦及岸置飛彈系統適切應處。

5. 五角大廈發言人辛赫指出，美國在事前有收到這次洲際彈道飛彈測試的通知，這是朝正確方向邁出的一步，有助於防止任何誤解或誤判。","揭仲（中華戰略前瞻協會研究員兼秘書長）表示，洲際彈道飛彈射程可達幾千公里，通常是偏重用於戰略性嚇阻，主要嚇阻對象是美國。共軍可以透過這樣的飛彈試射去對外展現其洲際飛彈技術或是能量提升，藉此形成一個嚇阻效果；這樣的軍事演練計畫通常會是有計畫性的排定，不會是臨時起意的演練。

中國國防部表示，在25日上午8時44分，解放軍火箭軍向太平洋相關公海海域，成功發射1發攜載訓練模擬彈頭的洲際彈道飛彈，準確落入預定海域。這次試射是年度例行訓練，符合國際法和慣例，非針對特定國家或目標。

台灣國防部表示，掌握共軍近期密集執行飛彈射擊等演訓活動，國軍運用聯合情監偵手段嚴密掌握，檢派任務機、艦及岸置飛彈系統適切應處。

五角大廈發言人辛赫（Sabrina Singh）指出，的確在事前有收到這次洲際彈道飛彈測試的通知，這是朝正確方向邁出的一步，可做到防止任何誤解或誤判。辛赫提到，事先通報是一種常識、是一種信心建立措施，希望日後繼續看到這類通知，美國已要求中國在彈道飛彈和相關太空發射上，應採取更多例行通報。",中共解放軍於25日向太平洋公海海域發射洲際彈道飛彈，這是44年來首次公開進行此類試射，並引發美國、日本等國高度關注。此舉主要是針對美國進行戰略性嚇阻，展示其洲際飛彈技術和能量提升。台灣國防部表示，已掌握共軍近期密集的飛彈射擊活動，並採取相應措施。美國五角大廈發言人辛赫指出，事前收到通知是防止誤解或誤判的重要步驟，並呼籲中國在彈道飛彈和太空發射上採取更多例行通報。這次事件對台灣和國際局勢具有重要影響，顯示出區域內軍事緊張局勢的升高。,"1. 中共解放軍25日向太平洋公海海域發射洲際彈道飛彈，對外說明這是軍事訓練例行性安排。
2. 專家解析，洲際彈道飛彈射程可達幾千公里，共軍這樣的動作，主要嚇阻對象為美國。
3. 中華戰略前瞻協會研究員兼秘書長揭仲對中央社表示，洲際彈道飛彈射程可達幾千公里，通常是偏重用於戰略性嚇阻，主要嚇阻對象是美國。
4. 揭仲指出，共軍可以透過這樣的飛彈試射去對外展現其洲際飛彈技術或是能量提升，藉此形成一個嚇阻效果；這樣的軍事演練計畫通常會是有計畫性的排定，不會是臨時起意的演練。
5. 中國國防部昨發出聲明表示，在25日上午8時44分，解放軍火箭軍向太平洋相關公海海域，成功發射1發攜載訓練模擬彈頭的洲際彈道飛彈，準確落入預定海域。
6. 這次試射是年度例行訓練，符合國際法和慣例，非針對特定國家或目標。
7. 台灣國防部昨透過新聞稿表示，掌握共軍近期密集執行飛彈射擊等演訓活動，國軍運用聯合情監偵手段嚴密掌握，檢派任務機、艦及岸置飛彈系統適切應處。
8. 這是中國44年來首度公開進行洲際彈道飛彈試射，引發美國、日本等國高度關注。
9. 據路透社等外媒報導，五角大廈發言人辛赫（Sabrina Singh）指出，的確在事前有收到這次洲際彈道飛彈測試的通知，這是朝正確方向邁出的一步，可做到防止任何誤解或誤判。
10. 辛赫提到，事先通報是一種常識、是一種信心建立措施，希望日後繼續看到這類通知，美國已要求中國在彈道飛彈和相關太空發射上，應採取更多例行通報。

證據資料：
1. 中共解放軍25日向太平洋公海海域發射洲際彈道飛彈，對外說明這是軍事訓練例行性安排。
   - 資料來源：中國國防部聲明

2. 洲際彈道飛彈射程可達幾千公里。
   - 資料來源：中華戰略前瞻協會研究員兼秘書長揭仲

3. 解放軍火箭軍向太平洋相關公海海域，成功發射1發攜載訓練模擬彈頭的洲際彈道飛彈，準確落入預定海域。
   - 資料來源：中國國防部聲明

4. 這次試射是年度例行訓練，符合國際法和慣例，非針對特定國家或目標。
   - 資料來源：中國國防部聲明

5. 台灣國防部掌握共軍近期密集執行飛彈射擊等演訓活動，國軍運用聯合情監偵手段嚴密掌握，檢派任務機、艦及岸置飛彈系統適切應處。
   - 資料來源：台灣國防部新聞稿

6. 這是中國44年來首度公開進行洲際彈道飛彈試射，引發美國、日本等國高度關注。
   - 資料來源：中央社報導

7. 五角大廈發言人辛赫指出，的確在事前有收到這次洲際彈道飛彈測試的通知。
   - 資料來源：路透社等外媒報導

8. 辛赫提到，事先通報是一種常識、是一種信心建立措施，希望日後繼續看到這類通知，美國已要求中國在彈道飛彈和相關太空發射上，應採取更多例行通報。
   - 資料來源：路透社等外媒報導"
4588,202409260150,中共近日在台海周邊進行飛彈試射及軍演，國防部於2024年9月26日表示，中共此舉意在威懾周邊國家，顯示其窮兵黷武的心態，同時運用軍事會談營造和平對話假象，展現和戰兩手策略，坐實「中國威脅論」。自當日上午8時起，中共派出29架次戰機及無人機，其中21架次逾越中線，進入台灣空域，並結合共艦執行「聯合戰備警巡」。國軍嚴密掌握動態，並適切應處。國防部強調，將持續建軍備戰，增強不對稱嚇阻戰力，捍衛國家主權及安全。,"1. 中共近日於台海周邊進行飛彈試射及軍演，國防部表示此舉一方面威懾周邊國家，另一方面營造和平對話假象，展現和戰兩手策略，坐實「中國威脅論」。

2. 自2024年09月26日上午8時起，國防部偵獲中共殲16、空警500等各型戰機及無人機共29架次出海活動，其中21架次逾越中線及其延伸線，進入台灣北、中部及西南空域，並結合共艦執行「聯合戰備警巡」。

3. 國軍運用聯合情監偵手段嚴密掌握中共軍事動態，並派遣任務機、艦及岸置飛彈系統適切應處，以應對中共軍事威脅。

4. 在共軍南部戰區司令出訪執行「軍事交流」之際，東部戰區等部隊在黃海、渤海海域進行多波次實彈射擊，凸顯威權政體缺乏政策穩定性的霸道本質，對周邊國家形成嚴峻挑戰。

5. 因應中共全面提升武力及台灣戰略預警時間大幅縮短等威脅，國軍將持續建軍備戰，增強不對稱嚇阻戰力，深化官兵愛國信念，以捍衛國家主權及百姓安全。","國防部表示，中共一方面藉此威懾周邊國家、顯露窮兵黷武心態；另一方面運用軍事會談等，營造和平對話假象，是和戰兩手策略的展現，坐實「中國威脅論」。

國防部指出，自今天（2024年09月26日）上午8時起，陸續偵獲中共殲16、空警500等各型主、輔戰機及無人機計29架次出海活動，其中21架次逾越中線及其延伸線，進入台灣北、中部及西南空域，結合共艦執行「聯合戰備警巡」。

國防部表示，國軍運用聯合情監偵手段嚴密掌握，並檢派任務機、艦及岸置飛彈系統適切應處。

國防部說明，在共軍南部戰區司令出訪執行「軍事交流」之際；東部戰區等部隊卻在鄰近日本、朝鮮半島的黃海、渤海海域，進行多波次實彈射擊，凸顯威權政體缺乏政策穩定性的霸道本質，也對周邊國家形成嚴峻挑戰。

國防部強調，因應中共全面提升武力、台灣戰略預警時間大幅縮短等威脅，國軍將持續戮力建軍備戰，增強不對稱嚇阻戰力，並深化官兵愛國信念，以建構可恃軍事力量及防衛韌性，捍衛國家主權及百姓安全。",中共近日在台海周邊進行飛彈試射及軍演，顯示其窮兵黷武的心態，並藉此威懾周邊國家。國防部指出，自2024年9月26日上午8時起，中共派遣多型戰機及無人機進入台灣空域，並結合共艦執行聯合戰備警巡。這一系列軍事行動不僅坐實了「中國威脅論」，也對台灣及周邊國家形成嚴峻挑戰。國防部強調，國軍將持續強化軍事準備，增強不對稱嚇阻戰力，以捍衛國家主權及百姓安全。這些行動對台灣的國防戰略及區域安全有重大影響。,"1. 中共近日於台海周邊飛彈試射及軍演
   - 證據資料：中共近日於台海周邊進行飛彈試射及軍演
   - 資料來源：國防部

2. 自今天（2024年09月26日）上午8時起，陸續偵獲中共殲16、空警500等各型主、輔戰機及無人機計29架次出海活動
   - 證據資料：中共殲16、空警500等各型主、輔戰機及無人機計29架次出海活動
   - 資料來源：國防部

3. 其中21架次逾越中線及其延伸線，進入台灣北、中部及西南空域
   - 證據資料：21架次逾越中線及其延伸線，進入台灣北、中部及西南空域
   - 資料來源：國防部

4. 結合共艦執行「聯合戰備警巡」
   - 證據資料：結合共艦執行「聯合戰備警巡」
   - 資料來源：國防部

5. 國軍運用聯合情監偵手段嚴密掌握，並檢派任務機、艦及岸置飛彈系統適切應處
   - 證據資料：國軍運用聯合情監偵手段嚴密掌握，並檢派任務機、艦及岸置飛彈系統適切應處
   - 資料來源：國防部

6. 共軍南部戰區司令出訪執行「軍事交流」之際；東部戰區等部隊卻在鄰近日本、朝鮮半島的黃海、渤海海域，進行多波次實彈射擊
   - 證據資料：共軍南部戰區司令出訪執行「軍事交流」之際；東部戰區等部隊在黃海、渤海海域進行多波次實彈射擊
   - 資料來源：國防部

7. 因應中共全面提升武力、台灣戰略預警時間大幅縮短等威脅
   - 證據資料：中共全面提升武力、台灣戰略預警時間大幅縮短
   - 資料來源：國防部

8. 國軍將持續戮力建軍備戰，增強不對稱嚇阻戰力，並深化官兵愛國信念
   - 證據資料：國軍將持續戮力建軍備戰，增強不對稱嚇阻戰力，並深化官兵愛國信念
   - 資料來源：國防部"
4588,202409260145,共軍於2024年9月25日向太平洋公海海域試射洲際彈道飛彈，行政院於2024年9月26日譴責中國威脅區域和平的行為，並強調台灣將與美國等理念相近國家合作，維持區域和平穩定。新華社報導，中國人民解放軍火箭軍於2024年9月25日上午8時44分成功發射一枚攜載訓練模擬彈頭的洲際彈道飛彈，落入太平洋。行政院發言人李慧芝在記者會上呼籲中國回到國際常軌，並指出台灣將致力於區域和平穩定。此外，日本海上自衛隊護衛艦「漣號」於25日首次通過台灣海峽，政院未予評論。,"1. 2024年09月25日，共軍在太平洋公海海域試射洲際彈道飛彈，成功發射1枚攜載訓練模擬彈頭的洲際彈道飛彈，落入太平洋。

2. 2024年09月26日，行政院譴責中國持續做出威脅區域和平現狀的行為，並強調台灣將致力維持現狀，與美國等理念相近國家密切合作，為區域的和平、穩定、繁榮，奉獻心力。

3. 2024年09月26日，行政院發言人李慧芝在政院會後記者會上指出，中國持續在區域進行威脅區域和平現狀的行為，呼籲中國回到國際常軌。

4. 2024年09月25日，日本海上自衛隊的護衛艦「漣號」首次通過台灣海峽，行政院對此沒有評論。","行政院發言人李慧芝表示，行政院譴責中國持續做出威脅區域和平現狀的行為，並呼籲中國回到國際常軌。她強調，台灣作為國際社會負責任的一員，將致力維持現狀，並與美國等理念相近國家密切合作，為區域的和平、穩定、繁榮，奉獻心力。

新華社報導指出，中國人民解放軍火箭軍於2024年9月25日上午8時44分成功發射1枚攜載訓練模擬彈頭的洲際彈道飛彈，落入太平洋。",中國人民解放軍火箭軍於2024年9月25日試射洲際彈道飛彈，落入太平洋公海海域，引發區域緊張。台灣行政院於2024年9月26日譴責此舉，強調台灣將與美國等理念相近國家合作，維持區域和平穩定。此事件顯示中國軍事行動對區域安全的威脅，並強化台灣與國際社會合作的重要性。日本海上自衛隊護衛艦「漣號」首次通過台灣海峽，進一步突顯區域局勢的複雜性。,"證據資料：

1. 共軍昨天（2024年09月25日）朝太平洋公海海域試射洲際彈道飛彈
   - 資料來源：中央社新聞報導

2. 新華社報導，中國人民解放軍火箭軍昨天（2024年09月25日）上午8時44分向太平洋相關公海海域，成功發射1枚攜載訓練模擬彈頭的洲際彈道飛彈，落入太平洋
   - 資料來源：新華社報導

3. 行政院今天（2024年09月26日）譴責中國持續做出威脅區域和平現狀的行為
   - 資料來源：中央社新聞報導

4. 行政院發言人李慧芝今天（2024年09月26日）主持政院會後記者會時指出，在全球共同關注、致力於區域安全穩定時，中國持續在區域進行威脅區域和平現狀的行為
   - 資料來源：中央社新聞報導

5. 日本海上自衛隊的護衛艦「漣號」25日首次通過台灣海峽
   - 資料來源：中央社新聞報導"
4588,202409260138,中國25日睽違40多年再次朝太平洋方向試射洲際彈道飛彈，五角大廈證實中方事前有通知並予以肯定。此次試射的飛彈可能是東風31AG，落入太平洋公海。中國國防部表示，這是年度軍事訓練例行性安排，不針對任何國家或目標。美國媒體認為，這次事前通知美方是兩軍互動的一大轉折。日本政府則稱未接獲中方通報。此次試射被認為是中國展示軍方穩定性的舉措，並引發美國對中國核武庫擴張的擔憂。,"1. 中國25日睽違40多年再次朝太平洋方向試射洲際飛彈，五角大廈證實中方試射前有先知會而予以肯定。

2. 新華社報導，中國人民解放軍火箭軍25日上午8時44分向太平洋相關公海海域，成功發射1枚攜載訓練模擬彈頭的洲際彈道飛彈，落入太平洋。

3. 綜合路透社與美國媒體報導，五角大廈發言人辛赫（Sabrina Singh）說：「我們的確在事前收到這次洲際彈道飛彈測試的通知，相信這是好事。」

4. 法屬玻里尼西亞當局25日表示，中國事前有告知將會在太平洋展開洲際飛彈試射。

5. 日本時報（Japan Times）報導，日本政府25日稱事前未接獲中方的試射通報。","五角大廈發言人辛赫表示：「我們的確在事前收到這次洲際彈道飛彈測試的通知，相信這是好事。這是朝正確方向邁出的一步，確可做到防止任何誤解或誤判。」她指出，採取事先通報「是一種常識，是一種信心建立措施，因此我們希望日後繼續看到此類通知」並說美國已要求中方，對彈道飛彈和相關太空發射應採取更多例行通報。

中國國防部表示，這次發射是火箭軍年度軍事訓練例行性安排，不針對任何國家或目標。

法屬玻里尼西亞當局表示，中國事前有告知將會在太平洋展開洲際飛彈試射。負責海外屬地對外事務的法國高級專員公署在聲明中說：「中國當局事前已就此次試射通知法方，待時機成熟時法方也會就此表明立場。」

日本內閣官房長官林芳正表示：「中方事前沒向日方通報。」還說尚不確定飛彈有否通過日本上空。

駐於新加坡的安全分析家尼爾表示，雖然還不清楚飛彈的具體細節，但這次試射符合中國同時採取「接觸和警告」的模式，而近幾個月來北京和華府之間的軍事外交也有所改善。他說，鑒於中國火箭軍最近爆出腐敗醜聞，中國有必要展現軍方最高層「一切照舊」。

卡內基國際和平研究院專家潘達研判，這是中國首次朝太平洋試射固體燃料的洲際彈道飛彈，最有可能者是東風31或東風41。",中國25日睽違40多年再次朝太平洋方向試射洲際彈道飛彈，並事前通知美國等國家。這次試射被認為是中美軍事互動的一大轉折，顯示雙方在軍事溝通上的改善。五角大廈對此表示肯定，並希望未來能有更多例行通報，以防止誤解或誤判。這次試射也引發了國際關注，特別是日本和法國等國。中國此舉不僅展示了其軍事實力，也反映了其在國際軍事外交上的策略調整。這對台灣及亞太地區的安全局勢有重要影響。,"1. 中國人民解放軍火箭軍25日上午8時44分向太平洋相關公海海域，成功發射1枚攜載訓練模擬彈頭的洲際彈道飛彈，落入太平洋。——新華社
2. 五角大廈發言人辛赫（Sabrina Singh）說：「我們的確在事前收到這次洲際彈道飛彈測試的通知，相信這是好事。這是朝正確方向邁出的一步，確可做到防止任何誤解或誤判。」——五角大廈
3. 法屬玻里尼西亞當局25日表示，中國事前有告知將會在太平洋展開洲際飛彈試射。——法屬玻里尼西亞當局
4. 日本海上保安廳一名官員指出，他們23日接獲中方的航行警示，指25日上午7時至下午1時之間有3處海域會有「太空殘骸」落下，包含南海、菲律賓呂宋島北方的太平洋海域及南太平洋。——日本海上保安廳
5. 日本時報（Japan Times）報導，日本政府25日稱事前未接獲中方的試射通報。——日本時報
6. 日本放送協會（NHK）引述不願具名的消息人士透露，事前接獲中方通報的國家包括美國、澳洲。——日本放送協會
7. 卡內基國際和平研究院（Carnegie Endowment for International Peace）專家潘達（Ankit Panda）研判，這是中國首次朝太平洋試射固體燃料的洲際彈道飛彈，最有可能者是東風31（DF-31）或東風41（DF-41）。——卡內基國際和平研究院
8. 中國軍方26日公布這次試射飛彈的照片，軍武分析圈根據圖片顯示飛彈發射車似採用單個支撐架、彈頭氣動外型，研判25日試射的是東風31AG（DF-31AG）洲際飛彈。——軍武分析圈"
4588,202409260128,中國國防部發布，共軍向太平洋公海海域成功發射1發攜載訓練模擬彈頭的洲際彈道飛彈（ICBM）。民進黨立法院黨團幹事長吳思瑤今天（2024年09月26日）受訪說，民進黨團要譴責武力挑釁的行為，以及這種破壞國際和平秩序的作為。吳思瑤表示，她相信台灣的國防、外交乃至於陸委會等單位，應當會發布非常嚴正的譴責或聲明，站在民進黨團的立場，當然要譴責武力挑釁的行為，以及譴責中共這種破壞國際和平秩序的作為。吳思瑤指出，在全球共同致力於區域和平穩定的同時，只有中國一再持續在區域間，進行各項破壞和平現狀的軍事行動，這令人非常難以理解。,"1. 2024年09月26日，中國國防部發布，共軍向太平洋公海海域成功發射1發攜載訓練模擬彈頭的洲際彈道飛彈（ICBM）。

2. 2024年09月26日，民進黨立法院黨團幹事長吳思瑤受訪，譴責共軍發射洲際飛彈的行為，認為這是破壞國際和平秩序的作為。

3. 民進黨立法院黨團召開輿情回應記者會，吳思瑤表示中國時隔44年後對太平洋試射洲際飛彈，引起國際關注，並認為這是對民主同盟國家的威嚇行為。

4. 吳思瑤相信台灣的國防、外交及陸委會等單位會發布嚴正譴責或聲明，並強調民進黨團立場是譴責武力挑釁及破壞國際和平秩序的行為。

5. 吳思瑤質疑在野黨為何不敢對中國的軍事挑釁進行譴責，並表示民進黨團支持政府在正確的外交國防戰略路線上前進，台灣將善盡全球和平貢獻者的角色。","民進黨立法院黨團幹事長吳思瑤：民進黨團要譴責武力挑釁的行為，以及這種破壞國際和平秩序的作為。她認為中國時隔44年後對太平洋試射洲際飛彈，引起國際關注，這除了是在劍指民主同盟國家，也是向全世界進行軍事武力的威嚇行為。

吳思瑤：她相信台灣的國防、外交乃至於陸委會等單位，應當會發布非常嚴正的譴責或聲明。她指出，在全球共同致力於區域和平穩定的同時，只有中國一再持續在區域間進行各項破壞和平現狀的軍事行動，這令人非常難以理解。

吳思瑤：她質疑為何在野黨永遠不敢對發起軍事挑釁的中國進行任何譴責。民進黨團支持政府在正確的外交國防戰略路線上前進，台灣也更會善盡全球和平貢獻者的角色。",中國國防部於2024年9月26日宣布，共軍成功在太平洋公海海域發射一枚攜載訓練模擬彈頭的洲際彈道飛彈（ICBM）。此舉引發國際關注，民進黨立法院黨團幹事長吳思瑤譴責這種武力挑釁行為，認為此舉破壞國際和平秩序，並劍指民主同盟國家。吳思瑤強調，台灣的國防、外交及陸委會等單位應會發布嚴正聲明，並質疑在野黨對中國軍事挑釁的沉默。此事件對台灣及國際社會的和平穩定構成威脅，凸顯台灣在全球和平貢獻中的重要角色。,"證據資料：

1. 中國國防部發布，共軍向太平洋公海海域成功發射1發攜載訓練模擬彈頭的洲際彈道飛彈（ICBM）。
   - 資料來源：中國國防部

2. 民進黨立法院黨團幹事長吳思瑤今天（2024年09月26日）受訪說，民進黨團要譴責武力挑釁的行為，以及這種破壞國際和平秩序的作為。
   - 資料來源：吳思瑤

3. 民進黨立法院黨團今天（2024年09月26日）召開輿情回應記者會，對於共軍發射洲際飛彈，吳思瑤說，中國時隔44年後對太平洋試射洲際飛彈，引起國際關注，認為這除了是在劍指民主同盟國家，也是向全世界進行軍事武力的威嚇行為。
   - 資料來源：吳思瑤

4. 吳思瑤表示，她相信台灣的國防、外交乃至於陸委會等單位，應當會發布非常嚴正的譴責或聲明，站在民進黨團的立場，當然要譴責武力挑釁的行為，以及譴責中共這種破壞國際和平秩序的作為。
   - 資料來源：吳思瑤

5. 吳思瑤指出，在全球共同致力於區域和平穩定的同時，只有中國一再持續在區域間，進行各項破壞和平現狀的軍事行動，這令人非常難以理解。
   - 資料來源：吳思瑤

6. 吳思瑤質疑，為何在野黨永遠不敢對發起軍事挑釁的中國，進行任何譴責，民進黨團支持政府在正確的外交國防戰略路線上前進，台灣也更會善盡全球和平貢獻者的角色。
   - 資料來源：吳思瑤"
4588,202409260029,日本海上自衛隊的護衛艦「漣號」於25日首次通過台灣海峽，這是自日本海上自衛隊成立以來的首次。此舉被認為是日本政府對中國軍隊威嚇日本主權活動的堅決回應。日本首相岸田文雄對日本安全保障環境抱持深刻危機感，認為需要更強硬的姿態來守護和平。中國國家主席習近平下令在2027年之前做好入侵台灣的準備，近期中國軍隊的活躍行動被認為是該計畫的一部分。日本海上自衛隊計劃於26日與澳洲、紐西蘭海軍在南海舉行聯合演習。,"1. 2023年9月25日，日本海上自衛隊的護衛艦「漣號」首次通過台灣海峽，這是自日本海上自衛隊成立以來的首次。這次行動被認為是日本政府對中國軍隊活動的堅決回應。

2. 2023年9月25日上午，「漣號」從東海一側開始通過台灣海峽，向南航行數十小時，並在當天晚間完成通過台灣海峽。與此同時，澳洲和紐西蘭的海軍艦艇也通過台灣海峽。

3. 2023年8月26日，中國1架運9偵察機在日本時間上午11時29分左右，從男女群島東側侵入日本領空，並在11時31分左右離開日本領空。

4. 2023年9月18日，中國海軍航空母艦遼寧號等3艘艦艇在日本沖繩縣與那國島與西表島間航行時，一度進入日本領海外側的鄰接區。

5. 2023年9月23日，俄羅斯一架反潛巡邏機在日本北海道禮文島附近空域，3度侵犯日本領空，迫使日本航空自衛隊戰機首度施放熱焰彈警告俄機。日方對俄國提出嚴重抗議。","日本首相岸田文雄：對於日本的安全保障環境抱持日益深刻的危機感，認為以原本的姿態不足以守護和平。

中國國家主席習近平：據悉下令在2027年之前做好入侵台灣的準備，近期中國軍隊的活躍行動被認為是該計畫的一部分。

日本政府相關人士：透露「漣號」25日上午從東海一側開始通過台灣海峽，向南航行數十小時，並在當天晚間完成通過台灣海峽。

讀賣新聞：報導日本政府為了不加劇軍事緊張局勢，對於海上自衛隊艦艇通過台灣海峽一直持慎重立場。

日方：定調俄方行為挑釁，對俄國提出嚴重抗議。

觀點：認為中俄加劇緊張情勢，可能是利用首相岸田文雄宣布不參選下任自民黨總裁之後的「政治空白」時期，來試探日本的反應。",日本海上自衛隊的護衛艦「漣號」25日首次通過台灣海峽，這一行動標誌著日本對中國軍事威脅的強硬回應。此舉不僅顯示日本政府對於中國軍隊活動的高度警戒，也反映出日本首相岸田文雄對國家安全的深刻危機感。這次通過台灣海峽的行動，可能引發中國的對應措施，進一步加劇區域緊張局勢。與此同時，澳洲和紐西蘭海軍艦艇也通過台灣海峽，並計劃與日本海上自衛隊在南海舉行聯合演習，顯示出多國對中國軍事活動的關注和聯合應對。這一事件對台灣、國際及區域安全形勢具有重要影響，未來的中日關係及區域穩定將面臨新的挑戰。,"1. 日本海上自衛隊的護衛艦「漣號」25日首次通過台灣海峽，這是自日本海上自衛隊成立以來首次。
   - 證據來源：日本海上自衛隊

2. 讀賣新聞報導，儘管日本政府為了不加劇軍事緊張局勢，對於海上自衛隊艦艇通過台灣海峽一直持慎重立場，但日本首相岸田文雄對於日本的安全保障環境抱持日益深刻的危機感，認為以原本的姿態不足以守護和平。
   - 證據來源：讀賣新聞

3. 據悉，中國國家主席習近平下令在2027年之前做好入侵台灣的準備，近期中國軍隊的活躍行動被認為是該計畫的一部分。
   - 證據來源：不明（據悉）

4. 多名日本政府相關人士透露，「漣號」25日上午從東海一側開始通過台灣海峽，向南航行數十小時，並在當天晚間完成通過台灣海峽。
   - 證據來源：多名日本政府相關人士

5. 與此同時，澳洲和紐西蘭的海軍艦艇也通過台灣海峽。
   - 證據來源：不明（與此同時）

6. 日本海上自衛隊計劃於26日與澳洲、紐西蘭海軍在南海舉行聯合演習。
   - 證據來源：日本海上自衛隊

7. 自8月以來，中國軍隊在日本周邊的軍事活動日益頻繁。
   - 證據來源：不明（自8月以來）

8. 8月26日，中國1架運9偵察機在日本時間上午11時29分左右，從男女群島東側侵入日本領空，並在11時31分左右離開日本領空。
   - 證據來源：不明（8月26日）

9. 9月18日，中國海軍航空母艦遼寧號等3艘艦艇，凌晨在日本沖繩縣與那國島與西表島間航行時，一度進入日本領海外側的鄰接區。
   - 證據來源：不明（9月18日）

10. 9月23日，俄羅斯一架反潛巡邏機在日本北海道禮文島附近空域，3度侵犯日本領空，迫使日本航空自衛隊戰機首度施放熱焰彈警告俄機。
    - 證據來源：不明（9月23日）

11. 日方定調俄方行為挑釁，對俄國提出嚴重抗議。
    - 證據來源：日方

12. 有觀點認為，中俄加劇緊張情勢，可能是利用首相岸田文雄宣布不參選下任自民黨總裁（黨主席）之後的「政治空白」時期，來試探日本的反應。
    - 證據來源：有觀點認為

13. 預料中國方面對於日本護衛艦通過台灣海峽將有所反應，可能採取對應措施，27日即將投票選出的自民黨新任總裁，也是下任日本首相，將立即面臨對中政策的新挑戰。
    - 證據來源：預料"
4588,202409260013,中國國防部於2024年9月25日宣布，解放軍火箭軍成功向太平洋公海海域發射一枚攜載訓練模擬彈頭的洲際彈道飛彈（ICBM），這是中國自1980年以來首次進行此類發射。日本專家指出，該ICBM射程涵蓋美國本土，顯示中國意圖對美國釋放訊息。此次發射被稱為年度軍事訓練例行性安排，符合國際法和國際慣例。日本防衛省表示，共軍在發射前通知了美國和澳洲等國家，並強調中國軍事活動的透明性不足，引發國際社會的憂慮。,"1. 2024年9月25日，中國國防部宣布解放軍火箭軍向太平洋公海海域成功發射一枚攜載訓練模擬彈頭的洲際彈道飛彈（ICBM），這是中國時隔44年再次進行此類發射。

2. 日本放送協會（NHK）報導，解放軍火箭軍於9月25日8時44分發射的ICBM準確落入預定海域。中國國防部聲稱此次發射是年度軍事訓練例行性安排，符合國際法和國際慣例，不針對任何特定國家和目標。

3. NHK引述中日關係相關人士指出，中國在發射訓練前通知了美國、澳洲等國。鑑於中國軍事活動趨於活絡，美國、日本、韓國、菲律賓、澳洲等國正加強合作以提高嚇阻力。

4. 日本防衛省防衛研究所中國研究室長增田雅之表示，這次發射的ICBM射程涵蓋美國本土，可能是可以搭載多個核彈頭的「東風41」，並研判飛彈通過南海上空，落於南太平洋。

5. 日本政府發言人、官房長官林芳正於9月24日下午的例行記者會上表示，共軍ICBM並未飛越日本上空，未接獲有災情的報告。他強調中國軍事活動透明性不足，並表示日本政府事先未獲中方通報。","1. 中國國防部：此次發射是年度軍事訓練例行性安排，符合國際法和國際慣例，不針對任何特定國家和目標。

2. 日本專家：此ICBM射程涵蓋美國本土，很明顯地是在對美國釋放訊息。

3. 增田雅之（日本防衛省防衛研究所中國研究室長）：共軍這次發射的ICBM射程涵蓋美國本土，可能是可以搭載多個核彈頭的「東風41」，研判通過了南海上空，落於南太平洋。這是共軍自1980年、時隔44年首度往海上發射ICBM，很明顯地就是在對美國釋放訊息。

4. 林芳正（日本政府發言人、官房長官）：共軍ICBM並未飛越日本上空，未接獲有災情的報告。中國持續以很高的水準增加國防費，缺乏充分的透明性，包含ICBM在內的核武、彈道飛彈戰力正廣泛且急速地增強。共軍的動向透明性不足，是日本與國際社會的嚴重憂慮事項。",中國國防部於9月25日成功向太平洋公海海域發射一枚攜載訓練模擬彈頭的洲際彈道飛彈（ICBM），這是中國自1980年以來首次進行此類發射。此舉引發國際關注，特別是美國、日本、韓國、菲律賓和澳洲等國，這些國家正在加強合作以提高對中國的嚇阻力。日本專家指出，該ICBM射程涵蓋美國本土，顯示中國意圖對美國釋放強烈訊息。此次發射也反映出中國軍事活動的活躍性和透明度不足，進一步加劇了國際社會對中國軍事擴張的憂慮。,"1. 中國國防部發布，共軍向太平洋公海海域成功發射1發攜載訓練模擬彈頭的洲際彈道飛彈（ICBM），這是中國時隔44年往海上發射ICBM。
   - 證據資料來源：中國國防部

2. 日本專家表示，此ICBM射程涵蓋美國本土，很明顯地是在對美國釋放訊息。
   - 證據資料來源：日本專家

3. 日本放送協會（NHK）報導，據中國國防部官方網站訊息，9月25日8時44分，解放軍火箭軍向太平洋相關公海海域，成功發射1發攜載訓練模擬彈頭的洲際彈道導飛彈，準確落入預定海域。
   - 證據資料來源：日本放送協會（NHK）、中國國防部官方網站

4. 中國國防部聲稱，此次發射是年度軍事訓練例行性安排，符合國際法和國際慣例，不針對任何特定國家和目標。
   - 證據資料來源：中國國防部

5. NHK報導引述中日關係相關人士指出，這次共軍的發射訓練事前有通知美國、澳洲等國。
   - 證據資料來源：NHK、中日關係相關人士

6. 鑑於中國軍事活動趨於活絡，美國、日本、韓國、菲律賓、澳洲等國為了提高嚇阻力正加強合作。
   - 證據資料來源：NHK

7. NHK報導，日本防衛省（國防部）防衛研究所中國研究室長增田雅之表示，就所蒐集的情報得知，共軍這次發射的ICBM射程涵蓋美國本土，可能是可以搭載多個核彈頭的「東風41」，研判通過了南海上空，落於南太平洋。
   - 證據資料來源：NHK、日本防衛省防衛研究所中國研究室長增田雅之

8. 增田表示，這是共軍自1980年、時隔44年首度往海上發射ICBM。
   - 證據資料來源：日本防衛省防衛研究所中國研究室長增田雅之

9. 增田指出，中國5年前首度公開東風41，就是有意釋放「已可進入實戰化的階段」的訊息。
   - 證據資料來源：日本防衛省防衛研究所中國研究室長增田雅之

10. 增田關注到共軍這次在發射ICBM之前，數十架共軍戰機、無人機也在台灣周邊飛行。
    - 證據資料來源：日本防衛省防衛研究所中國研究室長增田雅之

11. 林芳正當日下午在例行記者會上表示，「事前已發出航行警報等，綜合至今獲得的資訊，共軍ICBM並未飛越日本上空，未接獲有災情的報告。」
    - 證據資料來源：日本政府發言人、官房長官林芳正

12. 林芳正指出，中國持續以很高的水準增加國防費，缺乏充分的透明性，包含ICBM在內的核武、彈道飛彈戰力正廣泛且急速地增強。
    - 證據資料來源：日本政府發言人、官房長官林芳正

13. 上個月（08月）中共軍機侵犯日本領空，在日本周邊的軍事活動正擴大且活絡化。
    - 證據資料來源：日本政府發言人、官房長官林芳正

14. 林芳正另表示，這次共軍發射ICBM，日本政府事先未獲來自中方的通報。
    - 證據資料來源：日本政府發言人、官房長官林芳正"
4588,202409250360,中國今早向太平洋發射洲際彈道飛彈後，日本及紐西蘭分別表達關切。日本內閣官房長官林芳正表示，日本對中國國防預算大增及缺乏透明度的軍事動向表達嚴重關切；紐西蘭外長發言人也表示，中方此舉是「不受歡迎且令人不安的事態發展」。中國國防部上午透過官網宣布，中共解放軍火箭軍今早8時44分向太平洋「相關公海海域」，成功發射1枚攜載訓練模擬彈頭的洲際彈道飛彈，「準確落入預定海域」。此次發射是「年度軍事訓練例行性安排，符合國際法和國際慣例，不針對任何特定國家和目標」。,"1. 2024年9月25日，中國向太平洋發射洲際彈道飛彈，日本及紐西蘭分別表達關切。

2. 日本內閣官房長官林芳正表示，日本對中國國防預算大增及缺乏透明度的軍事動向表達嚴重關切，特別是中國在日本周邊擴大軍事活動。

3. 紐西蘭外長發言人表示，中國在南太平洋地區的洲際彈道飛彈試驗是不受歡迎且令人不安的事態發展，紐西蘭誓言將在相關細節明朗後，與太平洋盟友進一步磋商。

4. 中國國防部上午透過官網宣布，中共解放軍火箭軍今早8時44分向太平洋相關公海海域成功發射1枚攜載訓練模擬彈頭的洲際彈道飛彈，準確落入預定海域。

5. 中國國防部強調，此次發射是年度軍事訓練例行性安排，符合國際法和國際慣例，不針對任何特定國家和目標。","日本內閣官房長官林芳正表示，日本對中國國防預算大增及缺乏透明度的軍事動向表達嚴重關切。林芳正指出，中國持續增加國防預算，且屬高速增幅，同時廣泛而迅速地加強包括洲際彈道飛彈在內的核能力和飛彈能力，更在日本周邊擴大軍事活動。

紐西蘭外長發言人表示，中方此舉是「不受歡迎且令人不安的事態發展」。紐西蘭誓言將在相關細節明朗後，與太平洋盟友進一步磋商。發言人強調，太平洋國家領導人期望擁有一個和平、穩定、繁榮和安全的地區，並表示「我們仍在蒐集更多訊息」。

中國國防部透過官網宣布，中共解放軍火箭軍今早8時44分向太平洋「相關公海海域」，成功發射1枚攜載訓練模擬彈頭的洲際彈道飛彈。此次發射是「年度軍事訓練例行性安排，符合國際法和國際慣例，不針對任何特定國家和目標」。",中國今早向太平洋發射洲際彈道飛彈，引發日本及紐西蘭的關切。日本內閣官房長官林芳正表示，中國國防預算大增及缺乏透明度的軍事動向，對日本和國際社會構成嚴重威脅。紐西蘭外長發言人也指出，中國在南太平洋地區的彈道飛彈試驗是不受歡迎且令人不安的事態發展，並誓言與太平洋盟友進一步磋商。中國國防部則稱此次發射為年度軍事訓練例行性安排，符合國際法和國際慣例。此事件顯示中國軍事擴張對亞太地區安全穩定的潛在威脅，並可能引發區域內國家進一步的軍事和外交應對。,"以下是文章中的證據資料：

1. 日本內閣官房長官林芳正表示，日本對中國國防預算大增及缺乏透明度的軍事動向表達嚴重關切。
   - 資料來源：日本內閣官房長官林芳正

2. 紐西蘭外長發言人表示，中方此舉是「不受歡迎且令人不安的事態發展」。
   - 資料來源：紐西蘭外長發言人

3. 法新社報導，林芳正今天（2024年09月25日）向媒體表示，中國持續增加國防預算，且屬高速增幅，同時廣泛而迅速地加強包括洲際彈道飛彈在內的核能力和飛彈能力，更在日本周邊擴大軍事活動。
   - 資料來源：法新社報導

4. 紐西蘭外長發言人今天（2024年09月25日）也對此表示，中國在南太平洋地區的洲際彈道飛彈試驗，是「不受歡迎且令人不安的事態發展」，紐西蘭誓言將在相關細節明朗後，與太平洋盟友進一步磋商。
   - 資料來源：紐西蘭外長發言人

5. 中國國防部上午透過官網宣布，中共解放軍火箭軍今早8時44分向太平洋「相關公海海域」，成功發射1枚攜載訓練模擬彈頭的洲際彈道飛彈，「準確落入預定海域」。
   - 資料來源：中國國防部官網

6. 此次發射是「年度軍事訓練例行性安排，符合國際法和國際慣例，不針對任何特定國家和目標」。
   - 資料來源：中國國防部官網"
4588,202409250336,中國國防部於2024年9月25日宣布成功向太平洋公海發射一枚洲際彈道飛彈，這是中國自1980年以來首次公開進行此類試射。解放軍空軍副司令員俞慶江表示，11月的珠海航展將展示新型戰機，展現遠端戰略投送和空中打擊能力。此次試射被視為展示中國戰略核威懾力量，並向相關國家發出清晰訊號。第15屆中國國際航空航太博覽會將於11月12日至17日舉行，屆時將有多款新型戰機首次亮相。,"1. 2024年9月25日，中國國防部宣布成功向太平洋公海發射1枚洲際彈道飛彈，攜載訓練模擬彈頭，這是中國相隔44年再次進行此類公開試射。

2. 中共解放軍空軍副司令員俞慶江宣布，11月舉行的珠海航展將公開展示新型戰機，展現遠端戰略投送和空中打擊能力。

3. 中國軍事評論員施洋在觀察者網撰文稱，此次戰略導彈試射展示了中國的戰略核威懾力量，並向相關國家發出清晰訊號。

4. 第15屆中國國際航空航太博覽會將於2024年11月12日至17日在珠海國際航展中心舉行，將展示多種新型空地裝備和飛行展示課目。

5. 中國第3艘航空母艦福建號近日結束第3次海試返港，甲板上停有殲35、空警600艦載預警飛機和教練10海軍版教練機，這些裝備可能在珠海航展亮相。","1. 各方立場文：

俞慶江（中共解放軍空軍副司令員）：
俞慶江宣布，近年來發展的新型戰機會在11月舉行的珠海航展公開露面，展現遠端戰略投送和空中打擊的能力。他表示，此次武器裝備展示將增加空地裝備展示數量和飛行展示課目，很多裝備都是首次亮相。

施洋（中國軍事評論員）：
施洋在觀察者網撰文稱，這是中國向全世界展示戰略核威懾力量的一次公開亮相。他認為此次戰略導彈試射毫無疑問「有利於周邊局勢穩定」，也向「相關國家」發出了非常清晰的訊號。

環球網：
據環球網報導，第15屆中國國際航空航太博覽會將於11月12日至17日在珠海國際航展中心舉行，今天上午舉行新聞發布會。報導指出，陸軍、海軍等也會派出裝備參展，並提到上一屆珠海航展中首次公開展示的多款裝備。",中國國防部於2024年9月25日宣布成功發射一枚洲際彈道飛彈，並計劃在11月的珠海航展展示新型戰機。這次發射展示了中國的戰略核威懾力量，對周邊局勢穩定和國際安全有重大影響。珠海航展將進一步展示中國空軍的現代化裝備，提升其在國際軍事舞台上的地位。這些動作顯示中國在軍事技術和戰略能力上的進步，對亞太地區的軍事平衡和全球安全局勢產生深遠影響。,"1. 中國國防部宣布，今天（2024年09月25日）早上向太平洋公海成功發射1枚洲際彈道飛彈。
   - 證據資料：2024年09月25日，向太平洋公海成功發射1枚洲際彈道飛彈
   - 資料來源：中國國防部

2. 中共解放軍空軍副司令員俞慶江宣布，近年來發展的新型戰機會在11月舉行的珠海航展公開露面，展現遠端戰略投送和空中打擊的能力。
   - 證據資料：新型戰機會在11月舉行的珠海航展公開露面
   - 資料來源：中共解放軍空軍副司令員俞慶江

3. 中共建政75週年前夕，中國相隔44年，25日早上宣布向太平洋發射1枚攜載訓練模擬彈頭的洲際彈道飛彈。
   - 證據資料：中國相隔44年，2024年09月25日早上宣布向太平洋發射1枚攜載訓練模擬彈頭的洲際彈道飛彈
   - 資料來源：中國國防部

4. 在此之前，中國1980年曾向南太平洋試射東風五號彈道飛彈；其後，中國都是採取不公開方式，朝西北部的陸地靶場試射洲際彈道飛彈。
   - 證據資料：中國1980年曾向南太平洋試射東風五號彈道飛彈
   - 資料來源：歷史記錄

5. 中國軍事評論員施洋今天（2024年09月25日）在觀察者網撰文稱，這是中國向全世界展示戰略核威懾力量的一次公開亮相。
   - 證據資料：中國向全世界展示戰略核威懾力量的一次公開亮相
   - 資料來源：中國軍事評論員施洋

6. 據環球網，第15屆中國國際航空航太博覽會將於11月12日至17日在珠海國際航展中心舉行，今天（2024年09月25日）上午舉行新聞發布會。
   - 證據資料：第15屆中國國際航空航太博覽會將於11月12日至17日在珠海國際航展中心舉行
   - 資料來源：環球網

7. 共軍空軍副司令員俞慶江在會上表示，此次武器裝備展示，在往屆航展基礎上，繼續增加空地裝備展示數量和飛行展示課目。
   - 證據資料：此次武器裝備展示，繼續增加空地裝備展示數量和飛行展示課目
   - 資料來源：共軍空軍副司令員俞慶江

8. 在靜態展示方面，將分為「制空作戰與空中打擊、無人與反無人作戰、戰略投送與空投空降、預警探測與防空反導」4個部分，成體系展現空軍實力，「很多裝備都是首次亮相」。
   - 證據資料：靜態展示分為「制空作戰與空中打擊、無人與反無人作戰、戰略投送與空投空降、預警探測與防空反導」4個部分
   - 資料來源：共軍空軍副司令員俞慶江

9. 俞慶江並表示，在飛行展示方面，中國空軍近年來發展的「新型戰機」會公開露面，直觀展現遠端戰略投送、空中打擊等能力。
   - 證據資料：中國空軍近年來發展的「新型戰機」會公開露面
   - 資料來源：共軍空軍副司令員俞慶江

10. 綜合中國軍事自媒體此前消息，上一屆珠海航展中，共軍首次公開展示的有運油20空中加油機、搭載新型空射飛彈的轟6K轟炸機、彩虹5無人機、無偵8高空高速偵察無人機、攻擊11無人機以及殲16D電子戰機等。
    - 證據資料：上一屆珠海航展中，共軍首次公開展示的有運油20空中加油機、搭載新型空射飛彈的轟6K轟炸機、彩虹5無人機、無偵8高空高速偵察無人機、攻擊11無人機以及殲16D電子戰機等
    - 資料來源：中國軍事自媒體

11. 11月將登場的珠海航展，最被中國軍事網紅期待首度亮相的是殲35艦載隱型戰機，以及殲20隱型戰機的升級版殲20B。
    - 證據資料：殲35艦載隱型戰機，以及殲20隱型戰機的升級版殲20B將首度亮相
    - 資料來源：中國軍事網紅

12. 今年（2024年）以來，這兩款五代戰機已數度在中國被鏡頭捕捉到。
    - 證據資料：殲35艦載隱型戰機，以及殲20隱型戰機的升級版殲20B已數度在中國被鏡頭捕捉到
    - 資料來源：觀察者

13. 中國第3艘航空母艦福建號近日結束第3次海試返港，除了被拍到甲板上停有一架殲35，還有一架是空警600艦載預警飛機；另有一架是首次曝光的教練10海軍版教練機，也被視為在珠海航展可能亮相的共軍新型戰機。
    - 證據資料：中國第3艘航空母艦福建號近日結束第3次海試返港，甲板上停有一架殲35、空警600艦載預警飛機、教練10海軍版教練機
    - 資料來源：觀察者"
4588,202409250295,中國國防部於2024年9月25日上午成功發射一枚攜載訓練模擬彈頭的洲際彈道飛彈，並準確落入太平洋公海預定海域。日本防衛省推測，彈頭最終落在夏威夷南方公海。日本海上保安廳指出，中方於23日晚間通知日方，飛彈將於25日上午7時至下午1時之間落下，指定的3處海域包含菲律賓呂宋島周邊2處及夏威夷南方1處。防衛大臣木原稔表示，將持續收集情報與分析，以確保安全。中國國防部稱，此次發射為年度軍事訓練例行性安排，符合國際法和國際慣例。,"1. 2024年9月25日上午，中國國防部宣布解放軍火箭軍成功向太平洋公海海域發射一枚攜載訓練模擬彈頭的洲際彈道飛彈，並準確落入預定海域。

2. 日本防衛省推測，該彈頭最終落在夏威夷南方公海。日本海上保安廳指出，中方在9月23日晚間6時左右指定了3處海域為「太空垃圾」的落下處，並知會日方將在9月25日上午7時至下午1時之間落下。

3. 日本防衛省分析，飛彈在發射過程中分別在菲律賓呂宋島周邊2處海域分離，彈頭部分最終落在夏威夷南方的公海，並未通過日本上空。

4. 防衛大臣木原稔在視察埼玉市時表示，將持續收集情報、分析及警戒監視中國軍隊的動向，以確保萬無一失。

5. 中國國防部稱，此次飛彈發射是年度軍事訓練例行性安排，符合國際法和國際慣例，不針對任何特定國家和目標。","中國國防部：
中國國防部表示，解放軍火箭軍於9月25日成功發射1發攜載訓練模擬彈頭的洲際彈道飛彈，並準確落入預定海域。此次發射是年度軍事訓練例行性安排，符合國際法和國際慣例，不針對任何特定國家和目標。

日本防衛省：
日本防衛省推測，飛彈彈頭最終落在夏威夷南方公海，並指出飛彈並未通過日本上空。防衛大臣木原稔表示，將持續收集情報與分析及警戒監視，以確保萬無一失。

日本海上保安廳：
日本海上保安廳指出，中方於23日晚間6時左右指定3處海域為「太空垃圾」的落下處，並知會日方將於25日上午7時至下午1時之間落下，指定的3處海域包含菲律賓呂宋島周邊2處以及美國夏威夷南方1處。",中國國防部於2024年9月25日上午成功發射一枚攜載訓練模擬彈頭的洲際彈道飛彈，並準確落入太平洋公海預定海域。日本防衛省推測，彈頭最終落在夏威夷南方公海。此舉引發日本防衛省的關注，並強調將持續收集情報與警戒監視。中國國防部表示，此次發射為年度軍事訓練例行性安排，符合國際法和國際慣例，不針對任何特定國家和目標。此事件顯示中國軍事力量的展示，對區域安全局勢及國際關係具有潛在影響，特別是對台灣及周邊國家的安全形勢帶來一定壓力。,"1. 中國國防部發布，今天（2024年09月25日）上午共軍向太平洋公海海域成功發射1發攜載訓練模擬彈頭的洲際彈道飛彈，並準確落入預定海域。
   - 證據資料：共軍向太平洋公海海域成功發射1發攜載訓練模擬彈頭的洲際彈道飛彈，並準確落入預定海域。
   - 資料來源：中國國防部

2. 日本防衛省推測，彈頭最終落在夏威夷南方公海。
   - 證據資料：彈頭最終落在夏威夷南方公海。
   - 資料來源：日本防衛省

3. 「朝日新聞」報導，日本海上保安廳（相當於海巡署）指出，中方23日晚間6時左右指定3處海域為「太空垃圾」的落下處，並知會日方今天（2024年09月25日）上午7時至下午1時之間會落下，而指定的3處海域包含菲律賓呂宋島周邊2處以及美國夏威夷南方1處。
   - 證據資料：中方23日晚間6時左右指定3處海域為「太空垃圾」的落下處，並知會日方今天（2024年09月25日）上午7時至下午1時之間會落下，指定的3處海域包含菲律賓呂宋島周邊2處以及美國夏威夷南方1處。
   - 資料來源：日本海上保安廳

4. 日本防衛省推測，這次共軍的飛彈發射過後，飛彈分別在呂宋島周邊2處海域分離，彈頭部分最終落在夏威夷南方的公海。
   - 證據資料：飛彈分別在呂宋島周邊2處海域分離，彈頭部分最終落在夏威夷南方的公海。
   - 資料來源：日本防衛省

5. 防衛省分析，飛彈並未通過日本上空。
   - 證據資料：飛彈並未通過日本上空。
   - 資料來源：日本防衛省

6. 防衛大臣木原稔在視察埼玉市時向媒體表示，「關於中國軍隊的動向，將持續收集情報與分析及警戒監視，以確保萬無一失」。
   - 證據資料：防衛大臣木原稔表示，將持續收集情報與分析及警戒監視，以確保萬無一失。
   - 資料來源：防衛大臣木原稔

7. 根據中國國防部官方網站訊息，9月25日8時44分，解放軍火箭軍向太平洋相關公海海域，成功發射1發攜載訓練模擬彈頭的洲際彈道導彈（飛彈），準確落入預定海域。
   - 證據資料：9月25日8時44分，解放軍火箭軍向太平洋相關公海海域，成功發射1發攜載訓練模擬彈頭的洲際彈道導彈（飛彈），準確落入預定海域。
   - 資料來源：中國國防部官方網站

8. 中國國防部稱，此次飛彈發射，是年度軍事訓練例行性安排，符合國際法和國際慣例，不針對任何特定國家和目標。
   - 證據資料：此次飛彈發射，是年度軍事訓練例行性安排，符合國際法和國際慣例，不針對任何特定國家和目標。
   - 資料來源：中國國防部"
4588,202409250108,中共火箭軍於2024年9月25日上午8時44分發射一枚攜載訓練模擬彈頭的洲際彈道飛彈，落入太平洋。此次發射是火箭軍年度軍事訓練例行性安排，旨在檢驗武器裝備性能和部隊訓練水平。國防部表示，已同步掌握共軍近期密集執行飛彈射擊等演訓活動，並運用聯合情監偵手段嚴密監控，派遣任務機、艦及岸置飛彈系統適切應對。中方已提前通報有關國家。,"1. 2024年9月25日上午，中共火箭軍發射1枚攜載訓練模擬彈頭的洲際彈道飛彈，落入太平洋。

2. 新華社報導，中國人民解放軍火箭軍上午8時44分向太平洋相關公海海域成功發射1枚攜載訓練模擬彈頭的洲際彈道飛彈。

3. 這次導彈發射是火箭軍年度軍事訓練例行性安排，有效檢驗武器裝備性能和部隊訓練水平，達到預期目的，中方已提前通報有關國家。

4. 國防部表示，同步掌握共軍近期密集執行飛彈射擊等演訓活動，並運用聯合情監偵手段嚴密掌握。

5. 國防部強調，國軍運用聯合情監偵手段嚴密掌握，並檢派任務機、艦及岸置飛彈系統適切應處。","國防部表示，同步掌握共軍近期密集執行飛彈射擊等演訓活動，並運用聯合情監偵手段嚴密掌握，檢派任務機、艦及岸置飛彈系統適切應處。

新華社報導，中國人民解放軍火箭軍上午8時44分向太平洋相關公海海域，成功發射1枚攜載訓練模擬彈頭的洲際彈道飛彈，這次導彈發射是火箭軍年度軍事訓練例行性安排，有效檢驗武器裝備性能和部隊訓練水平，達到預期目的，中方已提前通報有關國家。",中共火箭軍於2024年9月25日上午發射一枚攜載訓練模擬彈頭的洲際彈道飛彈，落入太平洋。此舉顯示中國軍方在武器裝備性能和部隊訓練水平上的進展，並對區域安全構成潛在威脅。台灣國防部表示，已同步掌握共軍近期密集的飛彈射擊演訓活動，並運用聯合情監偵手段嚴密監控，確保國防安全。這次事件強調了台灣在面對中國軍事活動時的警覺性和應對能力，對台灣及周邊地區的安全形勢具有重要影響。,"1. 中共火箭軍今天（2024年09月25日）上午發射1枚攜載訓練模擬彈頭的洲際彈道飛彈，落入太平洋。
2. 國防部對此表示，同步掌握共軍近期密集執行飛彈射擊等演訓活動，同時運用聯合情監偵手段嚴密掌握。
3. 新華社報導，中國人民解放軍火箭軍上午8時44分向太平洋相關公海海域，成功發射1枚攜載訓練模擬彈頭的洲際彈道飛彈，落入太平洋。
4. 這次導彈發射是火箭軍年度軍事訓練例行性安排，有效檢驗武器裝備性能和部隊訓練水平，達到預期目的，中方已提前通報有關國家。
5. 國防部對此指出，同步掌握共軍近期密集執行飛彈射擊等演訓活動。
6. 國防部強調，國軍運用聯合情監偵手段嚴密掌握，並檢派任務機、艦及岸置飛彈系統適切應處。

證據資料：
1. 中共火箭軍於2024年09月25日上午發射1枚攜載訓練模擬彈頭的洲際彈道飛彈，落入太平洋。（來源：新華社報導）
2. 中國人民解放軍火箭軍於上午8時44分向太平洋相關公海海域發射洲際彈道飛彈。（來源：新華社報導）
3. 這次導彈發射是火箭軍年度軍事訓練例行性安排，有效檢驗武器裝備性能和部隊訓練水平。（來源：新華社報導）
4. 中方已提前通報有關國家。（來源：新華社報導）
5. 國防部表示，同步掌握共軍近期密集執行飛彈射擊等演訓活動。（來源：國防部）
6. 國防部強調，國軍運用聯合情監偵手段嚴密掌握，並檢派任務機、艦及岸置飛彈系統適切應處。（來源：國防部）"
4588,202409250095,中國國防部於2024年9月25日早上8時44分，成功向太平洋公海海域發射一枚攜載訓練模擬彈頭的洲際彈道飛彈。此次發射為年度軍事訓練例行性安排，符合國際法和國際慣例，不針對任何特定國家和目標。央視新聞報導指出，此次發射有效檢驗了武器裝備性能和部隊訓練水準，並達到了預期目的。中國國防部表示，中方已提前向有關國家通報此次發射計畫。,"1. 2024年9月25日早上，中國國防部宣布解放軍火箭軍向太平洋公海海域成功發射一枚攜載訓練模擬彈頭的洲際彈道飛彈。

2. 根據中國國防部官方網站訊息，該飛彈於9月25日8時44分發射，並準確落入預定海域。

3. 中國國防部強調，此次飛彈發射是年度軍事訓練例行性安排，符合國際法和國際慣例，不針對任何特定國家和目標。

4. 央視新聞報導，此次飛彈發射有效檢驗了武器裝備性能和部隊訓練水準，達到了預期目的。

5. 中方提前向有關國家通報了此次飛彈發射。","中國國防部：
中國國防部表示，今天早上共軍向太平洋公海海域成功發射1發攜載訓練模擬彈頭的洲際彈道飛彈，這是年度軍事訓練例行性安排，符合國際法和國際慣例，不針對任何特定國家和目標。

央視新聞：
央視新聞報導，此次飛彈發射有效檢驗武器裝備性能和部隊訓練水準，達到了預期目的，並稱中方提前向有關國家作了通報。",中國國防部於2024年9月25日早上成功發射一枚攜載訓練模擬彈頭的洲際彈道飛彈，並強調這是年度軍事訓練的例行性安排，不針對任何國家或特定目標。此次發射旨在檢驗武器裝備性能和部隊訓練水準，並已提前通報相關國家。這一事件顯示中國在軍事訓練和武器測試方面的持續進展，對亞太地區的軍事平衡和國際安全局勢可能產生影響。,"證據資料：

1. 中國國防部發布的訊息：
   - 中國國防部官方網站訊息
   - 發射時間：2024年09月25日8時44分
   - 發射地點：太平洋公海海域
   - 發射內容：1發攜載訓練模擬彈頭的洲際彈道導彈（飛彈）
   - 發射結果：準確落入預定海域
   - 發射目的：年度軍事訓練例行性安排，符合國際法和國際慣例，不針對任何特定國家和目標

2. 央視新聞報導：
   - 發射目的：有效檢驗武器裝備性能和部隊訓練水準，達到了預期目的
   - 中方提前向有關國家作了通報"